{"cameraMode":{"drawMode":0,"name":"Shaded","section":"Shading Mode"},"sceneLighting":true,"audioPlay":false,"sceneViewState":{"m_AlwaysRefresh":false,"showFog":true,"showSkybox":true,"showFlares":true,"showImageEffects":true,"showParticleSystems":true,"showVisualEffectGraphs":true,"m_FxEnabled":true},"in2DMode":false,"pivot":{"x":-13.780365943908692,"y":19.519874572753908,"z":-2.458019256591797},"rotation":{"x":0.2956542372703552,"y":-0.46404382586479189,"z":0.16770440340042115,"w":0.8180280923843384},"size":13.643501281738282,"orthographic":false}