{"cameraMode":{"drawMode":0,"name":"Shaded","section":"Shading Mode"},"sceneLighting":true,"audioPlay":false,"sceneViewState":{"m_AlwaysRefresh":false,"showFog":true,"showSkybox":true,"showFlares":true,"showImageEffects":true,"showParticleSystems":true,"showVisualEffectGraphs":true,"m_FxEnabled":true},"in2DMode":false,"pivot":{"x":8.156785011291504,"y":2.9783289432525636,"z":-1.3440759181976319},"rotation":{"x":-0.06725271046161652,"y":-0.9235395193099976,"z":0.32656416296958926,"w":-0.1899009644985199},"size":0.9672166705131531,"orthographic":false}